timestamp,node,operator_id,action_type,action_target,action_value,status,notes
2024-10-15T08:00:00Z,NODE_A,OP_001,PARAMETER_CHANGE,primary_threshold,75.0,SUCCESS,Adjusted primary threshold on NODE_A
2024-10-15T08:15:00Z,NODE_B,OP_002,MODE_SWITCH,operational_mode,diagnostic,SUCCESS,Switched NODE_B to diagnostic mode
2024-10-15T08:30:00Z,NODE_A,OP_001,RESTART_SUBSYSTEM,subsys_cooling,null,INITIATED,Initiated cooling subsystem restart
2024-10-15T08:45:00Z,NODE_C,OP_003,ALERT_ACKNOWLEDGE,alert_id,ALT_2847,SUCCESS,Acknowledged alert on NODE_C
2024-10-15T09:00:00Z,NODE_A,OP_001,PARAMETER_CHANGE,secondary_threshold,50.0,SUCCESS,Increased secondary threshold per guidance
2024-10-15T09:15:00Z,NODE_B,OP_002,CONFIGURATION_LOAD,config_set,backup_config_v2,SUCCESS,Loaded backup configuration on NODE_B
2024-10-15T09:30:00Z,NODE_C,OP_003,MANUAL_OVERRIDE,override_target,safety_lock,DISABLED,Manual override applied to safety lock
2024-10-15T09:45:00Z,NODE_A,OP_001,DIAGNOSTIC_RUN,diagnostic_type,full_system_check,IN_PROGRESS,Full system diagnostic initiated on NODE_A
2024-10-15T10:00:00Z,NODE_B,OP_002,PARAMETER_CHANGE,damping_factor,0.85,SUCCESS,Adjusted damping factor on NODE_B
2024-10-15T10:15:00Z,NODE_C,OP_003,LOG_REVIEW,log_period,last_hour,SUCCESS,Reviewed NODE_C logs for last hour
2024-10-15T10:30:00Z,NODE_A,OP_001,SUBSYSTEM_BYPASS,bypass_target,valve_control_A3,ACTIVE,Activated bypass for valve control A3
2024-10-15T10:45:00Z,NODE_B,OP_002,THRESHOLD_RESET,threshold_type,all_active,SUCCESS,Reset all active thresholds on NODE_B
2024-10-15T11:00:00Z,NODE_C,OP_003,STATUS_CHECK,component,heat_exchanger,SUCCESS,Checked heat exchanger status on NODE_C
2024-10-15T11:15:00Z,NODE_A,OP_001,PRIORITY_CHANGE,priority_level,high,SUCCESS,Changed NODE_A priority level to high
2024-10-15T11:30:00Z,NODE_B,OP_002,ALERT_CLEAR,alert_id,ALT_2891,SUCCESS,Manually cleared alert ALT_2891 on NODE_B
2024-10-15T11:45:00Z,NODE_C,OP_003,PARAMETER_CHANGE,feedback_gain,1.2,SUCCESS,Tuned feedback gain on NODE_C
2024-10-15T12:00:00Z,NODE_A,OP_001,BACKUP_TRIGGER,backup_type,full_state_capture,SUCCESS,Triggered full state capture backup on NODE_A
2024-10-15T12:15:00Z,NODE_B,OP_002,COMMUNICATION_TEST,target_node,NODE_A,SUCCESS,Tested communication link NODE_B to NODE_A
2024-10-15T12:30:00Z,NODE_C,OP_003,SHUTDOWN_PREPARE,prepare_level,standby,IN_PROGRESS,Preparing NODE_C for standby mode
2024-10-15T12:45:00Z,NODE_A,OP_001,RESTART_SUBSYSTEM,subsys_network,null,COMPLETED,Cooling subsystem restart completed
2024-10-15T13:00:00Z,NODE_B,OP_002,PARAMETER_CHANGE,refresh_rate,2000,SUCCESS,Changed refresh rate to 2000ms on NODE_B
2024-10-15T13:15:00Z,NODE_C,OP_003,EMERGENCY_PROTOCOL,protocol_type,safe_shutdown,ACTIVE,Initiated emergency safe shutdown protocol
2024-10-15T13:30:00Z,NODE_A,OP_001,VALIDATION_RUN,validation_scope,critical_path,SUCCESS,Validation of critical path completed on NODE_A
2024-10-15T13:45:00Z,NODE_B,OP_002,STATE_SNAPSHOT,snapshot_id,SNAP_4521,SUCCESS,Created state snapshot SNAP_4521 on NODE_B
2024-10-15T14:00:00Z,NODE_C,OP_003,PARAMETER_CHANGE,isolation_threshold,40.0,SUCCESS,Set isolation threshold to 40.0 on NODE_C
2024-10-15T14:15:00Z,NODE_A,OP_001,SUBSYSTEM_ENABLE,target_subsystem,redundancy_control,ENABLED,Enabled redundancy control on NODE_A
2024-10-15T14:30:00Z,NODE_B,OP_002,LOG_EXPORT,export_format,csv,SUCCESS,Exported NODE_B logs in CSV format
2024-10-15T14:45:00Z,NODE_C,OP_003,MONITORING_ENABLE,monitor_type,continuous_watch,ACTIVE,Enabled continuous monitoring on NODE_C
2024-10-15T15:00:00Z,NODE_A,OP_001,PARAMETER_CHANGE,rate_limit,150,SUCCESS,Updated rate limit parameter on NODE_A
2024-10-15T15:15:00Z,NODE_B,OP_002,RESET_COMMAND,reset_scope,soft_reset,SUCCESS,Performed soft reset on NODE_B
2024-10-15T15:30:00Z,NODE_C,OP_003,COMPONENT_TEST,component_id,COMP_TX_7,IN_PROGRESS,Testing component COMP_TX_7 on NODE_C
2024-10-15T15:45:00Z,NODE_A,OP_001,GUIDANCE_ACCEPTANCE,guidance_id,GUID_5612,ACCEPTED,Operator accepted guidance GUID_5612
2024-10-15T16:00:00Z,NODE_B,OP_002,ALERT_SUPPRESS,alert_pattern,pattern_tempspike,SUPPRESSED,Suppressed temperature spike alerts on NODE_B
2024-10-15T16:15:00Z,NODE_C,OP_003,MANUAL_INTERVENTION,intervention_type,force_sync,EXECUTED,Manual force synchronization on NODE_C
2024-10-15T16:30:00Z,NODE_A,OP_001,PARAMETER_CHANGE,hysteresis,5.0,SUCCESS,Adjusted hysteresis parameter on NODE_A
2024-10-15T16:45:00Z,NODE_B,OP_002,DOCUMENTATION_REVIEW,doc_section,incident_log,SUCCESS,Reviewed incident log documentation
2024-10-15T17:00:00Z,NODE_C,OP_003,THRESHOLD_ADJUST,threshold_id,THR_CRITICAL,UPDATED,Updated critical threshold on NODE_C
