event_time,system_id,state_category,previous_state,current_state,state_trigger,cpu_usage_pct,memory_mb,temperature_c,pressure_bar
2024-10-15T08:00:15Z,NODE_A,operational,standby,active,manual_command,34.2,512.4,42.1,2.1
2024-10-15T08:15:30Z,NODE_B,operational,active,active,heartbeat,28.6,384.1,38.5,1.9
2024-10-15T08:30:45Z,NODE_A,operational,active,diagnostic,mode_switch,56.8,745.2,51.3,2.3
2024-10-15T08:45:00Z,NODE_C,operational,standby,active,manual_command,22.1,256.8,35.2,1.7
2024-10-15T09:00:15Z,NODE_A,performance,nominal,elevated,threshold_breach,72.4,892.1,58.6,2.7
2024-10-15T09:15:30Z,NODE_B,operational,active,active,heartbeat,31.2,405.6,39.8,2.0
2024-10-15T09:30:45Z,NODE_C,operational,active,active,heartbeat,25.3,298.4,36.1,1.8
2024-10-15T09:45:00Z,NODE_A,performance,elevated,high,load_increase,85.1,1024.5,62.9,2.9
2024-10-15T10:00:15Z,NODE_B,operational,active,active,heartbeat,29.8,389.3,38.2,1.95
2024-10-15T10:15:30Z,NODE_C,performance,nominal,elevated,threshold_breach,48.2,624.1,44.8,2.2
2024-10-15T10:30:45Z,NODE_A,operational,diagnostic,active,manual_recovery,41.5,598.2,45.3,2.4
2024-10-15T10:45:00Z,NODE_B,performance,nominal,nominal,normal_ops,32.1,412.5,39.5,2.0
2024-10-15T11:00:15Z,NODE_C,operational,active,active,heartbeat,26.8,312.6,36.9,1.85
2024-10-15T11:15:30Z,NODE_A,performance,high,elevated,load_decrease,62.3,724.8,52.1,2.45
2024-10-15T11:30:45Z,NODE_B,operational,active,active,heartbeat,30.5,398.7,39.1,2.05
2024-10-15T11:45:00Z,NODE_C,performance,elevated,high,sustained_load,71.9,918.3,59.2,2.65
2024-10-15T12:00:15Z,NODE_A,operational,active,active,heartbeat,35.2,521.4,43.6,2.15
2024-10-15T12:15:30Z,NODE_B,performance,nominal,elevated,network_spike,67.4,856.2,56.8,2.55
2024-10-15T12:30:45Z,NODE_C,operational,active,maintenance,scheduled_maintenance,15.3,192.1,28.5,1.5
2024-10-15T12:45:00Z,NODE_A,operational,active,active,heartbeat,36.8,534.6,44.2,2.2
2024-10-15T13:00:15Z,NODE_B,operational,active,active,heartbeat,28.2,376.4,38.9,1.98
2024-10-15T13:15:30Z,NODE_C,operational,maintenance,recovery,manual_intervention,38.4,489.2,47.1,2.35
2024-10-15T13:30:45Z,NODE_A,performance,elevated,nominal,load_normalization,44.1,612.3,46.7,2.3
2024-10-15T13:45:00Z,NODE_B,operational,active,active,heartbeat,29.6,387.1,39.3,2.02
2024-10-15T14:00:15Z,NODE_C,operational,recovery,active,system_restored,42.2,534.8,41.3,2.0
2024-10-15T14:15:30Z,NODE_A,operational,active,active,heartbeat,33.9,498.6,42.8,2.12
2024-10-15T14:30:45Z,NODE_B,performance,nominal,nominal,normal_ops,27.5,368.2,38.6,1.92
2024-10-15T14:45:00Z,NODE_C,operational,active,active,heartbeat,24.1,285.5,35.8,1.75
2024-10-15T15:00:15Z,NODE_A,operational,active,active,heartbeat,34.6,505.3,43.1,2.14
2024-10-15T15:15:30Z,NODE_B,operational,active,active,heartbeat,28.9,381.7,39.2,2.00
2024-10-15T15:30:45Z,NODE_C,performance,nominal,elevated,network_traffic,54.3,689.4,48.2,2.3
2024-10-15T15:45:00Z,NODE_A,operational,active,active,heartbeat,35.1,517.2,43.9,2.18
2024-10-15T16:00:15Z,NODE_B,operational,active,active,heartbeat,29.2,386.5,39.4,2.01
2024-10-15T16:15:30Z,NODE_C,operational,active,active,heartbeat,25.8,302.1,36.5,1.82
2024-10-15T16:30:45Z,NODE_A,performance,nominal,nominal,normal_ops,33.4,492.1,42.5,2.10
2024-10-15T16:45:00Z,NODE_B,operational,active,active,heartbeat,30.1,393.8,39.6,2.03
2024-10-15T17:00:15Z,NODE_C,operational,active,active,heartbeat,26.5,310.2,37.1,1.88
